bin,range_left,range_right,truth,cms,cu_cms,cs
0,0.5,0.83414,0,0,0,-0
1,0.83414,1.39158,3,3,3,3
2,1.39158,2.32154,110,111,110,111
3,2.32154,3.87298,934,958,934,936
4,3.87298,6.46122,1844,1893,1844,1855
5,6.46122,10.7791,886,902,886,887
6,10.7791,17.9826,105,108,105,108
7,17.9826,30,2,2,2,2
