bin,range_left,range_right,truth,cms,cu_cms,cs
0,0.5,0.83414,0,0,0,0
1,0.83414,1.39158,3,3,3,3
2,1.39158,2.32154,101,103,101,101
3,2.32154,3.87298,900,927,900,904
4,3.87298,6.46122,1889,1931,1889,1897
5,6.46122,10.7791,902,923,902,907
6,10.7791,17.9826,88,90,88,92
7,17.9826,30,1,1,1,1
