threshold,seed,f1
0.05,42,0.818182
0.05,43,0.782609
0.1,42,0.857143
0.1,43,0.818182
0.15,42,0.9
0.15,43,0.818182
0.2,42,0.9
0.2,43,0.857143
0.25,42,1
0.25,43,0.9
0.3,42,1
0.3,43,0.947368
0.35,42,1
0.35,43,0.947368
0.4,42,1
0.4,43,0.947368
0.45,42,1
0.45,43,1
0.5,42,1
0.5,43,1
