threshold,seed,f1
0.05,42,0.204545
0.05,43,0.2
0.1,42,0.295082
0.1,43,0.295082
0.15,42,0.391304
0.15,43,0.418605
0.2,42,0.514286
0.2,43,0.486486
0.25,42,0.642857
0.25,43,0.545455
0.3,42,0.782609
0.3,43,0.62069
0.35,42,0.818182
0.35,43,0.72
0.4,42,0.9
0.4,43,0.75
0.45,42,0.9
0.45,43,0.857143
0.5,42,0.9
0.5,43,0.9
